{
  "wordpress":{
    "contains":"root",
    "parameters":{
      "param1":"'FTP_USER',",
      "param2":"'FTP_PASS',",
      "param3":"'FTP_HOST',",
      "param4":"'DB_USER',",
      "param5":"'DB_PASSWORD',"
    },
    "splitparam":"'",
    "splitorder":{
      "order1":"1",
      "order2":"3"
    }
  },
  "senhas":{
    "contains":"senha",
    "parameters":{
    },
    "splitparam":"",
    "splitorder":{
    }
  },
  "passwords":{
    "contains":"password",
    "parameters":{
    },
    "splitparam":"",
    "splitorder":{
    }
  },
  "root":{
    "contains":"root",
    "parameters":{
       "param1":"root:"
    },
    "splitparam":"",
    "splitorder":{
    }
  },
  "joomla":{
    "contains":"",
    "parameters":{
       "param1":"$password",
       "param2":"$user",
       "param3":"$host"
    },
    "splitparam":" ",
    "splitorder":{
       "order1":"1",
       "order2":"3"
    }
  },
  "ssh":{
   "contains":"",
   "parameters":{
       "param1":"host",
       "param2":"username",
       "param3":"password"
    },
    "splitparam":"\"",
    "splitorder":{
       "order1":"3"
    }
  }
}
